 Country ,  Area , birthrate ,   Current account balance  ,  Death rate ,  Electricity consumption ,   Electricity production  ,   Exports  ,   GDP  , gdppercap ,  GDP real growth rate ,   Highways  ,   Imports  ,  Industrial production growth rate ,  Infant mortality rate ,  Inflation rate  ,   Internet users  ,  Investment ,   Labor force  , lifeexpectatbirth ,  Military expenditures ,   Natural gas consumption  ,   Oil consumption  , population ,  Public debt ,  Railways ,   Reserves of foreign exchange & gold  ,  Total fertility rate ,  Unemployment rate 
 Japan ,377835.00,9.47,170200000000.00,8.95,971000000000.00,1044000000000.00,538800000000.00,3745000000000.00,29400.00,2.90,1171647.00,401800000000.00,6.60,3.26,-0.10,57200000.00,24.00,66970000.00,81.15,1.00,80420000000.00,5290000.00,127417244.00,164.30,23705.00,664600000000.00,1.39,4.70
 Germany ,357021.00,8.33,73590000000.00,10.55,519500000000.00,560000000000.00,893300000000.00,2362000000000.00,28700.00,1.70,230735.00,716700000000.00,2.20,4.16,1.60,39000000.00,17.60,42630000.00,78.65,1.50,99550000000.00,2891000.00,82431390.00,65.80,46039.00,96840000000.00,1.39,10.60
 Saudi Arabia ,1960582.00,29.56,51500000000.00,2.62,128500000000.00,138200000000.00,113000000000.00,310200000000.00,12000.00,5.00,152044.00,36210000000.00,2.80,13.24,0.80,1500000.00,17.20,6620000.00,75.46,10.00,56400000000.00,1550000.00,26417599.00,75.00,1392.00,23620000000.00,4.05,25.00
 Russia ,17075200.00,9.80,46040000000.00,14.52,894300000000.00,915000000000.00,162500000000.00,1408000000000.00,9800.00,6.70,537289.00,92910000000.00,6.40,15.39,11.50,6000000.00,19.10,71830000.00,67.10, ,405800000000.00,2310000.00,143420309.00,28.20,87157.00,124500000000.00,1.27,8.30
 Switzerland ,41290.00,9.77,40950000000.00,8.48,54530000000.00,63470000000.00,130700000000.00,251900000000.00,33800.00,1.80,71212.00,121100000000.00,4.70,4.39,0.90,2556000.00,20.40,3770000.00,80.39,1.00,3093000000.00,290400.00,7489370.00,57.20,4533.00,69580000000.00,1.42,3.40
 Norway ,324220.00,11.67,30520000000.00,9.45,107400000000.00,125900000000.00,76640000000.00,183000000000.00,40000.00,3.30,91852.00,45960000000.00,5.20,3.70,1.00,2288000.00,17.50,2380000.00,79.40,1.90,4100000000.00,171100.00,4593041.00,33.10,4077.00,   ,1.78,4.30
 China ,9596960.00,13.14,30320000000.00,6.94,1630000000000.00,1910000000000.00,583100000000.00,7262000000000.00,5600.00,9.10,1765222.00,552400000000.00,17.10,24.18,4.10,94000000.00,46.00,760800000.00,72.27,4.30,29180000000.00,4956000.00,1306313812.00,31.40,70058.00,609900000000.00,1.72,9.80
 Canada ,9984670.00,10.84,28200000000.00,7.73,487300000000.00,548900000000.00,315600000000.00,1023000000000.00,31500.00,2.40,1408800.00,256100000000.00,2.00,4.75,1.90,16110000.00,19.40,17370000.00,80.10,1.10,55800000000.00,2200000.00,32805041.00, ,48909.00,36270000000.00,1.61,7.00
 Korea South ,98480.00,10.08,26780000000.00,6.26,293600000000.00,322500000000.00,250600000000.00,925100000000.00,19200.00,4.60,86990.00,214200000000.00,10.10,7.05,3.60,29220000.00,28.70,22900000.00,75.82,2.80,20920000000.00,2070000.00,48422644.00,21.30,3125.00,199100000000.00,1.26,3.60
 Sweden ,449964.00,10.36,24080000000.00,10.36,138100000000.00,142800000000.00,121700000000.00,255400000000.00,28400.00,3.60,213237.00,97970000000.00,5.50,2.77,0.70,5125000.00,15.80,4460000.00,80.40,1.70,949000000.00,328600.00,9001774.00,51.60,11481.00,19990000000.00,1.66,5.60
 Taiwan ,35980.00,12.64,21160000000.00,6.38,147400000000.00,158500000000.00,170500000000.00,576200000000.00,25300.00,6.00,37299.00,165400000000.00,12.20,6.40,1.70,13800000.00,18.00,10220000.00,77.26,2.60,6640000000.00,988000.00,22894384.00,32.40,2508.00,246500000000.00,1.57,4.50
 Netherlands ,41526.00,11.14,19900000000.00,8.68,100700000000.00,90610000000.00,293100000000.00,481100000000.00,29500.00,1.20,116500.00,252700000000.00,0.80,5.04,1.40,8500000.00,19.90,7530000.00,78.81,1.60,49720000000.00,895300.00,16407491.00,55.80,2808.00,21440000000.00,1.66,6.00
 Hong Kong ,1092.00,7.23,14850000000.00,5.98,38450000000.00,35510000000.00,268100000000.00,234500000000.00,34200.00,7.90,1831.00,275900000000.00,1.00,2.97,-0.30,3212800.00,22.70,3540000.00,81.39, ,680900000.00,257000.00,6898686.00,2.10, ,123600000000.00,0.91,6.70
 Venezuela ,912050.00,18.91,14590000000.00,4.90,89300000000.00,89700000000.00,35840000000.00,145200000000.00,5800.00,16.80,96155.00,14980000000.00,12.30,22.20,22.40,1274400.00,12.90,12250000.00,74.31,1.50,29400000000.00,500000.00,25375281.00,43.10,682.00,25750000000.00,2.26,17.10
 Kuwait ,17820.00,21.88,12040000000.00,2.42,30160000000.00,32430000000.00,27420000000.00,48000000000.00,21300.00,6.80,4450.00,11120000000.00,-5.00,9.95,2.30,567000.00,8.00,1420000.00,77.03,5.30,8700000000.00,293000.00,2335648.00,29.60, ,7333000000.00,2.97,2.20
 Algeria ,2381740.00,17.13,11900000000.00,4.60,23610000000.00,25760000000.00,32160000000.00,212300000000.00,6600.00,6.10,104000.00,15250000000.00,6.00,31.00,3.10,500000.00,26.20,9910000.00,73.00,3.20,22320000000.00,209000.00,32531853.00,37.40,3973.00,43550000000.00,1.92,25.40
 Malaysia ,329750.00,23.07,11810000000.00,5.06,68400000000.00,75330000000.00,123500000000.00,229300000000.00,9700.00,7.10,65877.00,99300000000.00,10.20,17.70,1.30,8692100.00,21.70,10490000.00,72.24,2.03,31250000000.00,460000.00,23953136.00,45.40,2418.00,55270000000.00,3.07,3.00
 Belgium ,30528.00,10.48,11400000000.00,10.22,78820000000.00,76580000000.00,255700000000.00,316200000000.00,30600.00,2.60,149028.00,235000000000.00,3.50,4.68,1.90,3400000.00,19.10,4750000.00,78.62,1.30,15500000000.00,595100.00,10364388.00,96.20,3518.00,14450000000.00,1.64,12.00
 Finland ,338145.00,10.50,11390000000.00,9.79,78580000000.00,71590000000.00,61040000000.00,151200000000.00,29000.00,3.00,78197.00,45170000000.00,2.00,3.57,0.70,2650000.00,18.30,2660000.00,78.35,2.00,4557000000.00,211400.00,5223442.00,46.80,5851.00,11170000000.00,1.73,8.90
 Libya ,1759540.00,26.82,9895000000.00,3.48,19430000000.00,20890000000.00,18650000000.00,37480000000.00,6700.00,4.90,83200.00,7224000000.00, ,24.60,2.90,160000.00,9.90,1590000.00,76.50,3.90,5410000000.00,216000.00,5765563.00,8.80, ,24180000000.00,3.34,30.00
 Singapore ,693.00,9.49,8800000000.00,4.16,32000000000.00,35330000000.00,174000000000.00,120900000000.00,27800.00,8.10,3130.00,155200000000.00,11.10,2.29,1.70,2310000.00,27.40,2180000.00,81.62,4.90,2500000000.00,700000.00,4425720.00,102.50, ,112800000000.00,1.05,3.40
 Brazil ,8511965.00,16.83,8000000000.00,6.15,351900000000.00,339000000000.00,95000000000.00,1492000000000.00,8100.00,5.10,1724929.00,61000000000.00,6.00,29.61,7.60,14300000.00,19.80,89000000.00,71.69,1.80,9590000000.00,2199000.00,186112794.00,52.00,29412.00,52940000000.00,1.93,11.50
 Indonesia ,1919440.00,20.71,7338000000.00,6.25,92350000000.00,110200000000.00,69860000000.00,827400000000.00,3500.00,4.90,342700.00,45070000000.00,10.50,35.60,6.10,8000000.00,16.60,111500000.00,69.57,3.00,55300000000.00,1183000.00,241973879.00,56.20,6458.00,35820000000.00,2.44,9.20
 Thailand ,514000.00,15.70,6736000000.00,7.02,106100000000.00,118900000000.00,87910000000.00,524800000000.00,8100.00,6.10,57403.00,80840000000.00,8.50,20.48,2.80,6971500.00,22.50,36430000.00,71.57,1.80,23930000000.00,785000.00,65444371.00,47.60,4071.00,48300000000.00,1.88,1.50
 Denmark ,43094.00,11.36,6529000000.00,10.43,31630000000.00,36380000000.00,73060000000.00,174400000000.00,32200.00,2.10,71847.00,63450000000.00,1.70,4.56,1.40,2756000.00,19.80,2870000.00,77.62,1.50,5280000000.00,218000.00,5432335.00,42.50,3002.00,37980000000.00,1.74,6.20
 United Arab Emirates ,82880.00,18.78,6300000000.00,4.26,36510000000.00,45120000000.00,69480000000.00,63670000000.00,25200.00,5.70,1088.00,45660000000.00,4.00,14.51,3.20,1110200.00,20.80,2360000.00,75.24,3.10,33700000000.00,310000.00,2563212.00,17.60, ,18640000000.00,2.94,2.40
 Argentina ,2766890.00,16.90,5473000000.00,7.56,81650000000.00,81390000000.00,33780000000.00,483500000000.00,12400.00,8.30,215471.00,22060000000.00,12.00,15.18,6.10,4100000.00,18.30,15040000.00,75.91,1.30,31100000000.00,486000.00,39537943.00,118.00,34091.00,19470000000.00,2.19,14.80
 Nigeria ,923768.00,40.65,5228000000.00,17.18,18430000000.00,19850000000.00,33990000000.00,125700000000.00,1000.00,6.20,194394.00,17140000000.00,1.80,98.80,16.50,750000.00,18.00,55670000.00,46.74,0.80,7850000000.00,275000.00,128771988.00,20.00,3557.00,14710000000.00,5.53, 
 Qatar ,11437.00,15.54,5187000000.00,4.61,9046000000.00,9727000000.00,15000000000.00,19490000000.00,23200.00,8.70,1230.00,6150000000.00,10.00,18.61,3.00,126000.00,22.90,140000.00,73.67,10.00,15860000000.00,30000.00,863051.00, , ,3351000000.00,2.87,2.70
 India ,3287590.00,22.32,4897000000.00,8.28,510100000000.00,547200000000.00,69180000000.00,3319000000000.00,3100.00,6.20,2525989.00,89330000000.00,7.40,56.29,4.20,18481000.00,23.80,482200000.00,64.35,2.50,22750000000.00,2130000.00,1080264388.00,59.70,63140.00,126000000000.00,2.78,9.20
 Ukraine ,603700.00,10.49,4584000000.00,16.42,132000000000.00,180000000000.00,32910000000.00,299100000000.00,6300.00,12.00,169679.00,31450000000.00,16.50,20.34,12.00,3800000.00,18.80,21110000.00,66.85,1.40,79860000000.00,303000.00,47425336.00,24.70,22473.00,11330000000.00,1.40,3.50
 Philippines ,300000.00,25.31,3600000000.00,5.47,46050000000.00,52860000000.00,38630000000.00,430600000000.00,5000.00,5.90,202124.00,37500000000.00,5.00,23.51,5.50,3500000.00,17.00,35860000.00,69.91,1.00,25000000.00,338000.00,87857473.00,74.20,897.00,16050000000.00,3.16,11.70
 Oman ,212460.00,36.73,2674000000.00,3.86,9792000000.00,9896000000.00,13140000000.00,38090000000.00,13100.00,1.20,34965.00,6373000000.00,-1.20,19.51,0.20,180000.00,13.50,920000.00,73.13,11.40,6340000000.00,54000.00,3001583.00,10.30, ,4144000000.00,5.84,15.00
 Chile ,756950.00,15.44,2185000000.00,5.76,41800000000.00,48600000000.00,29200000000.00,169100000000.00,10700.00,5.80,79605.00,22530000000.00,7.80,8.80,2.40,3575000.00,23.90,6200000.00,76.58,3.80,6517000000.00,240000.00,15980912.00,12.80,6585.00,16020000000.00,2.02,8.50
 Egypt ,1001450.00,23.32,2113000000.00,5.26,75580000000.00,81270000000.00,11000000000.00,316300000000.00,4200.00,4.50,64000.00,19210000000.00,2.50,32.59,9.50,2700000.00,15.80,20710000.00,71.00,3.40,21200000000.00,562000.00,77505756.00,102.70,5063.00,14030000000.00,2.88,10.90
 Iran ,1648000.00,16.83,2100000000.00,5.55,119900000000.00,129000000000.00,38790000000.00,516700000000.00,7700.00,6.30,167157.00,31300000000.00,3.50,41.58,15.50,4300000.00,31.30,23000000.00,69.96,3.30,72400000000.00,1400000.00,68017860.00,27.00,7203.00,29870000000.00,1.82,11.20
 Trinidad and Tobago ,5128.00,12.81,1548000000.00,9.37,5341000000.00,5743000000.00,6671000000.00,11480000000.00,10500.00,5.70,8320.00,4650000000.00,7.20,24.31,3.30,138000.00,19.40,590000.00,68.91,0.60,13760000000.00,24000.00,1088644.00,54.40, ,2927000000.00,1.75,10.40
 Pakistan ,803940.00,30.42,1400000000.00,8.45,52660000000.00,75270000000.00,15070000000.00,347300000000.00,2200.00,6.10,257683.00,14010000000.00,13.10,72.44,4.80,1500000.00,16.40,45430000.00,63.00,4.90,23400000000.00,365000.00,162419946.00,71.40,8163.00,12580000000.00,4.14,8.30
 Syria ,185180.00,28.29,1100000000.00,4.88,24320000000.00,26150000000.00,6086000000.00,60440000000.00,3400.00,2.30,45697.00,5042000000.00,7.00,29.53,2.10,220000.00,16.30,5120000.00,70.03,5.90,5840000000.00,240000.00,18448752.00,32.00,2711.00,5000000000.00,3.50,20.00
 Morocco ,446550.00,22.29,765400000.00,5.64,14240000000.00,13910000000.00,9754000000.00,134600000000.00,4200.00,4.40,57694.00,15630000000.00, ,41.62,2.10,800000.00,22.40,11020000.00,70.66,5.00,50000000.00,167000.00,32725847.00,70.20,1907.00,15140000000.00,2.73,12.10
 Dominican Republic ,48730.00,23.28,762200000.00,7.35,8912000000.00,9583000000.00,5446000000.00,55680000000.00,6300.00,1.70,12600.00,8093000000.00,2.00,32.38,55.00,500000.00,18.90,   ,67.26,1.10,   ,129000.00,8950034.00,61.10,1743.00,426000000.00,2.86,17.00
 Bulgaria ,110910.00,9.66,682900000.00,14.26,32710000000.00,43070000000.00,9134000000.00,61630000000.00,8200.00,5.30,37077.00,12230000000.00,5.20,20.55,6.10,630000.00,18.60,3398000.00,72.03,2.60,5804000000.00,94000.00,7450349.00,41.90,4294.00,7526000000.00,1.38,12.70
 Bahrain ,665.00,18.10,586100000.00,4.08,6379000000.00,6860000000.00,8205000000.00,13010000000.00,19200.00,5.60,3459.00,5870000000.00,2.00,17.27,2.10,195700.00,12.80,370000.00,74.23,6.30,32700000000.00,40000.00,688345.00,63.80, ,2141000000.00,2.63,15.00
 Uzbekistan ,447400.00,26.22,461900000.00,7.95,46660000000.00,47700000000.00,3700000000.00,47590000000.00,1800.00,4.40,81600.00,2820000000.00,6.20,71.10,3.00,492000.00, ,14640000.00,64.19,2.00,45200000000.00,142000.00,26851195.00,41.50,3950.00,1603000000.00,2.94,0.60
 Yemen ,527970.00,43.07,369900000.00,8.53,2827000000.00,3040000000.00,4468000000.00,16250000000.00,800.00,1.90,67000.00,3734000000.00,3.00,61.50,12.20,100000.00,16.10,5980000.00,61.75,7.80, -   ,78000.00,20727063.00,46.40, ,5300000000.00,6.67,35.00
 Botswana ,600370.00,23.33,337000000.00,29.36,1890000000.00,930000000.00,2940000000.00,15050000000.00,9200.00,3.50,10217.00,2255000000.00,4.40,54.58,7.00,60000.00,25.50,264000.00,33.87,3.90,   ,16000.00,1640115.00,8.60,888.00,5700000000.00,2.85,23.80
 Chad ,1284000.00,45.98,330200000.00,16.41,89400000.00,96130000.00,365000000.00,15660000000.00,1600.00,38.00,33400.00,500700000.00,5.00,93.82,8.00,15000.00,24.70,   ,47.94,2.10,   ,1500.00,9826419.00, , ,652700000.00,6.32, 
 Mauritius ,2040.00,15.62,284100000.00,6.83,1707000000.00,1836000000.00,2012000000.00,15680000000.00,12800.00,4.70,2000.00,2245000000.00,8.00,15.03,4.50,150000.00,22.50,560000.00,72.38,0.20,   ,21000.00,1230602.00,29.20, ,1676000000.00,1.96,10.80
 Bolivia ,1098580.00,23.76,273000000.00,7.64,3848000000.00,4132000000.00,1986000000.00,22330000000.00,2600.00,3.70,60282.00,1595000000.00,5.70,53.11,4.90,270000.00,10.40,3800000.00,65.50,1.60,1150000000.00,49000.00,8857870.00, ,3519.00,1214000000.00,2.94,9.20
 Congo Republic of the ,342000.00,27.88,266000000.00,14.82,573600000.00,348000000.00,2224000000.00,2324000000.00,800.00,3.70,12800.00,749300000.00,0.00,92.41,1.80,15000.00,25.80,   ,48.97,2.80, -   ,5000.00,3039126.00, ,894.00,40420000.00,3.54, 
 Ecuador ,283560.00,22.67,261100000.00,4.24,75580000000.00,81270000000.00,7560000000.00,49510000000.00,3700.00,5.80,43197.00,7650000000.00,10.00,23.66,2.00,569700.00,20.60,4530000.00,76.21,2.20,160000000.00,129000.00,13363593.00,49.20,966.00,1436000000.00,2.72,11.10
 Honduras ,112090.00,30.38,258300000.00,6.87,3771000000.00,3626000000.00,1457000000.00,18790000000.00,2800.00,4.20,13603.00,3332000000.00,7.70,29.32,7.00,168600.00,24.10,2470000.00,65.60,1.40,   ,29000.00,6975204.00,74.10,699.00,1464000000.00,3.87,28.50
 Namibia ,825418.00,25.16,234300000.00,18.36,1920000000.00,1167000000.00,1356000000.00,14760000000.00,7300.00,4.80,42237.00,1473000000.00, ,48.98,4.20,65000.00,19.60,840000.00,43.93,3.10,   ,13000.00,2030692.00,38.50,2382.00,360000000.00,3.18,35.00
 Bangladesh ,144000.00,30.01,216600000.00,8.40,15300000000.00,16450000000.00,7478000000.00,275700000000.00,2000.00,4.90,207486.00,10030000000.00,6.50,62.60,6.00,243000.00,23.50,65490000.00,62.08,1.80,9900000000.00,71000.00,144319628.00,43.00,2706.00,3000000000.00,3.13,40.00
 Israel ,20770.00,18.21,211900000.00,6.18,38300000000.00,42670000000.00,34410000000.00,129000000000.00,20800.00,3.90,16903.00,36840000000.00,4.50,7.03,0.00,2000000.00,17.60,2680000.00,79.32,8.70,10000000.00,260000.00,6276883.00,104.50,640.00,28480000000.00,2.44,10.70
 Jordan ,92300.00,21.76,203200000.00,2.63,7094000000.00,7307000000.00,3200000000.00,25500000000.00,4500.00,5.10,7301.00,7600000000.00,5.00,17.35,3.20,457000.00,11.60,1410000.00,78.24,14.60,290000000.00,103000.00,5759732.00,85.80,505.00,5457000000.00,2.71,15.00
 Gabon ,267667.00,36.24,196800000.00,11.72,1080000000.00,1161000000.00,3710000000.00,7966000000.00,5900.00,1.90,8464.00,1225000000.00,1.60,53.64,1.50,35000.00,21.80,650000.00,55.75,2.00,80000000.00,13000.00,1389201.00,29.30,814.00,268600000.00,4.77,21.00
 Uruguay ,176220.00,14.09,181800000.00,9.06,5878000000.00,8536000000.00,2200000000.00,49270000000.00,14500.00,10.20,8983.00,2071000000.00,22.00,11.95,7.60,400000.00,9.60,1560000.00,76.13,2.00,64500000.00,41500.00,3415920.00, ,2073.00,2362000000.00,1.91,13.00
 Turkmenistan ,488100.00,27.68,114000000.00,8.78,8908000000.00,11410000000.00,4000000000.00,27600000000.00,5700.00,7.50,24000.00,2850000000.00,22.00,73.08,9.00,8000.00,29.00,2320000.00,61.39,3.40,9600000000.00,63000.00,4952081.00, ,2440.00,3034000000.00,3.41,60.00
 Ghana ,239460.00,23.97,83870000.00,10.84,6137000000.00,6922000000.00,3010000000.00,48270000000.00,2300.00,5.40,46176.00,3699000000.00,3.80,51.43,13.00,170000.00,19.70,10240000.00,56.00,0.60,   ,38000.00,21029853.00, ,953.00,1267000000.00,3.02,20.00
 Tunisia ,163610.00,15.50,71850000.00,5.09,10050000000.00,10720000000.00,9926000000.00,70880000000.00,7100.00,5.10,18997.00,11520000000.00,4.40,24.77,4.10,630000.00,24.50,3550000.00,74.89,1.50,3830000000.00,87000.00,10074951.00,59.20,2152.00,3509000000.00,1.75,13.80
 Papua New Guinea ,462840.00,29.95,29150000.00,7.37,1561000000.00,1679000000.00,2437000000.00,11990000000.00,2200.00,0.90,19600.00,1353000000.00, ,51.45,4.20,75000.00,13.60,3320000.00,64.93,1.40,110000000.00,15000.00,5545268.00,59.30, ,635800000.00,3.96, 
 Gambia The ,11300.00,39.86,-16400000.00,11.81,83990000.00,90310000.00,114400000.00,2799000000.00,1800.00,6.00,2700.00,180900000.00, ,72.02,7.00,25000.00,25.30,400000.00,55.20,0.30,   ,1900.00,1593256.00, , ,113100000.00,5.38, 
 Haiti ,27750.00,36.59,-27630000.00,12.34,574700000.00,618000000.00,338100000.00,12050000000.00,1500.00,-3.50,4160.00,1085000000.00, ,73.45,22.00,80000.00, ,3600000.00,52.92,0.90,   ,11000.00,8121622.00, , ,80640000.00,5.02, 
 Peru ,1285220.00,20.87,-30000000.00,6.26,20220000000.00,22880000000.00,12300000000.00,155300000000.00,5600.00,4.50,78230.00,9600000000.00,5.20,31.94,3.80,2850000.00,17.80,11000000.00,69.53,1.40,910000000.00,161000.00,27925628.00,44.10,3462.00,12700000000.00,2.56,9.60
 Sao Tome and Principe ,1001.00,40.80,-31500000.00,6.68,15810000.00,17000000.00,6700000.00,214000000.00,1200.00,6.00,320.00,41000000.00, ,43.11,14.00,15000.00,31.50,   ,66.99,0.80,   ,700.00,187410.00, , ,29780000.00,5.71, 
 Paraguay ,406750.00,29.43,-36110000.00,4.53,2469000000.00,48360000000.00,2936000000.00,29930000000.00,4800.00,2.80,29500.00,3330000000.00,0.00,25.63,5.10,120000.00,18.10,2660000.00,74.89,0.90,   ,25000.00,6347884.00,39.20,441.00,1164000000.00,3.93,15.10
 Angola ,1246700.00,44.64,-37880000.00,25.90,1587000000.00,1707000000.00,12760000000.00,23170000000.00,2100.00,11.70,51429.00,4896000000.00,1.00,191.19,43.80,41000.00,34.50,5410000.00,36.61,10.60,530000000.00,31000.00,11190786.00, ,2761.00,800000000.00,6.27, 
 Kazakhstan ,2717300.00,15.78,-39020000.00,9.46,62210000000.00,66820000000.00,18470000000.00,118400000000.00,7800.00,9.10,82980.00,13070000000.00,10.60,29.21,6.90,250000.00,23.90,7950000.00,66.55,0.90,14300000000.00,189400.00,15185844.00,13.70,13601.00,14350000000.00,1.89,8.00
 Slovenia ,20273.00,8.95,-51640000.00,10.22,11800000000.00,12490000000.00,14970000000.00,39410000000.00,19600.00,3.90,20250.00,16070000000.00,3.90,4.45,3.30,750000.00,24.90,870000.00,76.14,1.70,1040000000.00,53300.00,2011070.00,31.50,1201.00,8493000000.00,1.24,6.40
 Tajikistan ,143100.00,32.58,-52000000.00,8.39,14410000000.00,15080000000.00,1130000000.00,7950000000.00,1100.00,10.50,27767.00,1300000000.00,8.20,110.76,8.00,4100.00,22.00,3187000.00,64.56,3.90,1300000000.00,20000.00,7163506.00, ,482.00,145300000.00,4.05,40.00
 Malawi ,118480.00,43.95,-55500000.00,23.39,1012000000.00,1088000000.00,503400000.00,7410000000.00,600.00,4.00,28400.00,521100000.00,1.40,103.32,12.00,36000.00,10.70,4500000.00,36.97,0.70,   ,5400.00,12158924.00,228.30,797.00,160500000.00,5.98, 
 Burundi ,27830.00,39.66,-59500000.00,17.43,137800000.00,132000000.00,31840000.00,4001000000.00,600.00,3.00,14480.00,138200000.00,18.00,69.29,8.50,14000.00,10.70,2990000.00,43.50,6.00,   ,2750.00,6370609.00, , ,76890000.00,5.81, 
 Laos ,236800.00,35.99,-80760000.00,11.83,3036000000.00,3560000000.00,365500000.00,11280000000.00,1900.00,6.00,21716.00,579500000.00,9.70,85.22,12.30,15000.00, ,2600000.00,55.08,0.50,   ,2750.00,6217141.00, , ,193100000.00,4.77,5.70
 Swaziland ,17363.00,27.72,-82400000.00,25.26,1173000000.00,402000000.00,900100000.00,6018000000.00,5100.00,2.50,3107.00,1140000000.00,3.70,69.27,5.40,27000.00,23.60,383200.00,35.65,1.40,   ,3500.00,1173900.00, ,301.00,320500000.00,3.70,34.00
 Kyrgyzstan ,198500.00,22.48,-87920000.00,7.13,10210000000.00,11720000000.00,646700000.00,8495000000.00,1700.00,6.00,18500.00,775100000.00,6.00,35.64,3.20,152000.00,17.00,2700000.00,68.16,1.40,2016000000.00,20000.00,5146281.00, ,470.00,498700000.00,2.70,18.00
 Cape Verde ,4033.00,25.33,-93760000.00,6.62,40060000.00,43080000.00,61110000.00,600000000.00,1400.00,5.00,1100.00,387300000.00, ,47.77,1.50,20400.00,19.20,   ,70.45,1.50,   ,2000.00,418224.00, , ,112700000.00,3.48,21.00
 Seychelles ,455.00,16.22,-98420000.00,6.34,202800000.00,218000000.00,256200000.00,626000000.00,7800.00,1.50,373.00,393400000.00, ,15.53,5.00,11700.00,39.50,30900.00,71.82,1.80,   ,4000.00,81188.00,122.80, ,70940000.00,1.75, 
 Mozambique ,801590.00,35.79,-101200000.00,20.99,5046000000.00,8859000000.00,689400000.00,23380000000.00,1200.00,8.20,30400.00,972900000.00,3.40,130.79,12.80,50000.00,47.00,9200000.00,40.32,2.20,60000000.00,8500.00,19406703.00, ,3123.00,1206000000.00,4.70,21.00
 Lesotho ,30355.00,26.53,-108300000.00,25.03,308000000.00,314000000.00,484500000.00,5892000000.00,3200.00,3.30,5940.00,730900000.00,15.50,84.23,5.30,21000.00,39.60,838000.00,36.68,2.30,   ,1500.00,1867035.00, , ,402200000.00,3.35,45.00
 Belize ,22966.00,29.34,-115000000.00,6.04,108800000.00,117000000.00,401400000.00,1778000000.00,6500.00,3.50,2872.00,579900000.00,4.60,25.69,2.90,30000.00,33.60,90000.00,67.49,2.00,   ,5000.00,279457.00, , ,111100000.00,3.68,12.90
 Togo ,56785.00,33.48,-125600000.00,11.80,451200000.00,108800000.00,663100000.00,8684000000.00,1600.00,3.00,7520.00,824900000.00, ,66.61,1.00,210000.00,19.10,1740000.00,52.64,1.90,   ,10000.00,5681519.00, ,568.00,267400000.00,4.61, 
 Guyana ,214970.00,18.45,-129400000.00,8.32,751400000.00,808000000.00,570200000.00,2899000000.00,3800.00,1.90,7970.00,650100000.00,7.10,33.26,4.50,125000.00,34.50,418000.00,65.50,0.90,   ,11000.00,765283.00, ,187.00,280600000.00,2.05, 
 Eritrea ,121320.00,38.62,-144900000.00,13.53,229400000.00,246600000.00,64440000.00,4154000000.00,900.00,2.50,4010.00,622000000.00, ,74.87,10.00,9500.00,26.30,   ,52.16,13.40,   ,6000.00,4561599.00, ,306.00,30870000.00,5.61, 
 Moldova ,33843.00,15.27,-148400000.00,12.79,4605000000.00,3876000000.00,1030000000.00,8581000000.00,1900.00,6.80,12719.00,1830000000.00,17.00,40.42,11.50,150000.00,17.10,1360000.00,65.18,0.40,2050000000.00,24000.00,4455421.00,63.40,1138.00,390000000.00,1.81,8.00
 Cameroon ,475440.00,34.67,-149100000.00,15.40,3321000000.00,3571000000.00,2445000000.00,30170000000.00,1900.00,4.90,34300.00,1979000000.00,4.20,68.26,1.00,60000.00,16.10,6680000.00,47.84,1.60, -   ,22000.00,16380005.00,69.10,1008.00,687500000.00,4.47,30.00
 Benin ,112620.00,41.99,-159900000.00,13.76,565200000.00,285200000.00,720900000.00,8338000000.00,1200.00,5.00,6787.00,934500000.00,8.30,85.00,2.80,70000.00,19.30,   ,50.51,2.40,   ,11500.00,7460025.00, ,578.00,839300000.00,5.86, 
 Zambia ,752614.00,41.38,-181400000.00,20.23,5345000000.00,8167000000.00,1548000000.00,9409000000.00,900.00,4.60,91440.00,1519000000.00,6.90,88.29,18.30,68200.00,41.40,4630000.00,39.70,1.80,   ,11000.00,11261795.00,127.50,2173.00,345000000.00,5.47,50.00
 Burma ,678500.00,18.11,-185000000.00,12.15,3484000000.00,5068000000.00,2137000000.00,74300000000.00,1700.00,-1.30,28200.00,1754000000.00, ,67.24,17.20,28000.00,10.20,27010000.00,56.22,2.10,1569000000.00,60950.00,42909464.00, ,3955.00,590000000.00,2.01,5.20
 Cuba ,110860.00,12.03,-185100000.00,7.19,13400000000.00,14410000000.00,2104000000.00,33920000000.00,3000.00,3.00,60858.00,5296000000.00,1.40,6.33,3.10,120000.00,11.20,4550000.00,77.23,1.80,600000000.00,163000.00,11346670.00, ,4226.00,738600000.00,1.66,2.50
 Rwanda ,26338.00,40.60,-212500000.00,16.32,195000000.00,166700000.00,69780000.00,10430000000.00,1300.00,0.90,12000.00,260000000.00,7.00,91.23,7.00,25000.00,20.00,4600000.00,46.96,3.20,   ,5300.00,8440820.00, , ,210900000.00,5.49, 
 Zimbabwe ,390580.00,29.74,-230300000.00,24.66,11220000000.00,8839000000.00,1409000000.00,24370000000.00,1900.00,-8.20,18338.00,1599000000.00,-7.80,67.69,133.00,500000.00,9.90,4230000.00,36.67,4.30,   ,23000.00,12746990.00,52.30,3077.00,57000000.00,3.54,70.00
 Armenia ,29800.00,11.76,-240400000.00,8.16,5797000000.00,6492000000.00,850000000.00,13650000000.00,4600.00,9.00,8431.00,1300000000.00,15.00,23.28,3.50,150000.00,19.80,1400000.00,71.55,6.50,1400000000.00,5700.00,2982904.00, ,845.00,555000000.00,1.32,30.00
 Malta ,316.00,10.17,-241000000.00,8.00,2000000000.00,2150000000.00,2625000000.00,7223000000.00,18200.00,1.00,2222.00,3407000000.00, ,3.89,2.90,120000.00,26.40,160000.00,78.86,0.70,   ,20000.00,398534.00, , ,2865000000.00,1.50,7.00
 Madagascar ,587040.00,41.66,-281900000.00,11.35,781400000.00,840200000.00,868200000.00,14560000000.00,800.00,5.50,49827.00,1147000000.00,3.00,76.83,7.50,70500.00,14.70,7300000.00,56.95,1.20,   ,13000.00,18040341.00, ,732.00,500300000.00,5.66, 
 France ,547030.00,12.15,-305000000.00,9.08,414700000000.00,528600000000.00,419000000000.00,1737000000000.00,28700.00,2.10,893100.00,419700000000.00,1.70,4.26,2.30,21900000.00,19.20,27700000.00,79.60,2.60,42010000000.00,2026000.00,60656178.00,67.70,32175.00,70760000000.00,1.85,10.10
 Guinea ,245857.00,42.03,-308300000.00,15.38,795200000.00,855000000.00,709200000.00,19500000000.00,2100.00,1.00,30500.00,641500000.00,3.20,90.37,18.00,40000.00,21.00,3000000.00,49.86,1.70,   ,8600.00,9467866.00, ,837.00,201700000.00,5.83, 
 Macedonia ,25333.00,12.00,-311000000.00,8.73,7216000000.00,6273000000.00,1629000000.00,14400000000.00,7100.00,1.30,8684.00,2677000000.00,0.00,10.09,0.40,100000.00,17.50,855000.00,73.73,6.00,   ,22000.00,2045262.00,20.00,699.00,928000000.00,1.57,37.70
 Cambodia ,181040.00,27.08,-316200000.00,8.97,100600000.00,122000000.00,2311000000.00,26990000000.00,2000.00,5.40,12323.00,3129000000.00,22.00,71.48,3.10,30000.00,20.90,7000000.00,58.87,3.00,   ,7200.00,13607069.00, ,602.00,997500000.00,3.44,2.50
 Tanzania ,945087.00,38.16,-327400000.00,16.71,2566000000.00,2727000000.00,1248000000.00,23710000000.00,700.00,5.80,88200.00,1972000000.00,8.40,98.54,5.40,250000.00,16.20,19000000.00,45.24,0.20,   ,17000.00,36766356.00,5.00,3690.00,2175000000.00,5.06, 
 Cote d'Ivoire ,322460.00,35.51,-421500000.00,14.94,2976000000.00,4759000000.00,5124000000.00,24780000000.00,1500.00,-1.00,50400.00,3360000000.00,15.00,90.83,1.40,90000.00,11.30,6700000.00,48.62,1.20,1350000000.00,32000.00,17298040.00,74.80,660.00,1950000000.00,4.58,13.00
 Kenya ,582650.00,40.13,-459200000.00,14.65,4337000000.00,4475000000.00,2589000000.00,34680000000.00,1100.00,2.20,63942.00,4190000000.00,2.60,61.47,9.00,400000.00,14.70,11400000.00,47.99,1.30,   ,57000.00,33829590.00,74.30,2778.00,1500000000.00,4.96,40.00
 Ethiopia ,1127127.00,38.61,-464400000.00,15.06,1998000000.00,2149000000.00,562800000.00,54890000000.00,800.00,11.60,33297.00,2104000000.00,6.70,95.32,2.40,75000.00,17.80,   ,48.83,4.60,   ,23000.00,73053286.00, ,681.00,923100000.00,5.33, 
 Panama ,78200.00,19.96,-469600000.00,6.54,4473000000.00,4873000000.00,5699000000.00,20570000000.00,6900.00,6.00,11643.00,7164000000.00,5.40,20.47,2.00,120000.00,25.00,1320000.00,71.94,1.10,   ,40520.00,3039150.00,69.20,355.00,1076000000.00,2.45,12.60
 Burkina Faso ,274200.00,44.17,-471700000.00,18.86,335700000.00,361000000.00,418600000.00,15740000000.00,1200.00,4.80,12506.00,866300000.00,14.00,97.57,2.40,48000.00,29.10,5000000.00,43.92,1.30,   ,8000.00,13925313.00, ,622.00,474900000.00,6.23, 
 Albania ,28748.00,15.08,-504000000.00,5.12,6760000000.00,5680000000.00,552400000.00,17460000000.00,4900.00,5.60,18000.00,2076000000.00,3.10,21.52,3.20,30000.00,18.40,1090000.00,77.24,1.49,30000000.00,7500.00,3563112.00, ,447.00,1206000000.00,2.04,14.80
 Senegal ,196190.00,35.21,-518800000.00,10.60,1615000000.00,1737000000.00,1374000000.00,18360000000.00,1700.00,3.20,14576.00,2128000000.00,4.70,55.51,0.80,225000.00,20.10,4650000.00,56.75,1.50,50000000.00,31000.00,11126832.00,55.20,906.00,820000000.00,4.75,48.00
 Iraq ,437072.00,32.50,-560000000.00,5.49,33700000000.00,32600000000.00,10100000000.00,89800000000.00,3500.00,52.30,45550.00,9900000000.00, ,50.25,25.40,25000.00, ,6700000.00,68.70, ,2350000000.00,383000.00,26074906.00, ,1963.00,   ,4.28,25.00
 Iceland ,103000.00,13.73,-570000000.00,6.68,7692000000.00,8271000000.00,2902000000.00,9373000000.00,31900.00,1.80,13004.00,3307000000.00,8.80,3.31,4.00,195000.00,23.80,158100.00,80.19, ,   ,16300.00,296737.00,35.90, ,935000000.00,1.92,3.10
 Equatorial Guinea ,28051.00,36.18,-578600000.00,12.00,24820000.00,26690000.00,2771000000.00,1270000000.00,2700.00,20.00,2880.00,1167000000.00,30.00,85.13,8.50,1800.00,50.80,   ,55.56,2.50,20000000.00,2000.00,535881.00, , ,235200000.00,4.62,30.00
 Sri Lanka ,65610.00,15.63,-587300000.00,6.49,6228000000.00,6697000000.00,5306000000.00,80580000000.00,4000.00,5.20,11650.00,7265000000.00,7.10,14.35,5.80,200000.00,22.40,7260000.00,73.17,2.60,   ,75000.00,20064776.00,104.30,1449.00,2475000000.00,1.85,7.80
 Uganda ,236040.00,47.39,-590800000.00,12.80,1401000000.00,1775000000.00,621700000.00,39390000000.00,1500.00,5.00,27000.00,1306000000.00,5.60,67.83,3.50,125000.00,22.40,12410000.00,51.59,2.20,   ,8750.00,27269482.00,73.90,1241.00,1200000000.00,6.74, 
 Cyprus ,9250.00,12.57,-619900000.00,7.64,602000000.00,4000000000.00,49300000.00,4540000000.00,7135.00,2.60,13943.00,415200000.00,-0.30,7.18,2.40,210000.00,17.90,95025.00,77.65,3.80,   ,49000.00,780133.00,74.90, ,941600000.00,1.83,3.20
 Georgia ,69700.00,10.25,-632900000.00,9.09,6811000000.00,6732000000.00,909400000.00,14450000000.00,3100.00,9.50,20229.00,1806000000.00,3.00,18.59,5.50,150500.00,18.50,2100000.00,75.88,0.59,1160000000.00,31500.00,4677401.00, ,1612.00,231400000.00,1.41,17.00
 Sudan ,2505810.00,35.17,-763600000.00,9.16,2400000000.00,2581000000.00,3395000000.00,76190000000.00,1900.00,6.40,11900.00,3496000000.00,8.50,62.50,9.00,300000.00,16.00,11000000.00,58.54,3.00,   ,70000.00,40187486.00,79.70,5995.00,1652000000.00,4.85,18.70
 Jamaica ,10991.00,16.56,-830700000.00,5.37,5849000000.00,6289000000.00,1679000000.00,11130000000.00,4100.00,1.90,18700.00,3624000000.00,-2.00,12.36,12.40,600000.00,32.00,1140000.00,76.29,0.40,   ,66000.00,2731832.00,146.10,272.00,1400000000.00,1.95,15.00
 Nicaragua ,129494.00,24.88,-843100000.00,4.49,2318000000.00,2553000000.00,750000000.00,12340000000.00,2300.00,4.00,18712.00,2020000000.00,4.40,29.11,9.30,90000.00,28.00,1930000.00,70.33,0.70,   ,25770.00,5465100.00,69.50,6.00,670000000.00,2.81,7.80
 El Salvador ,21040.00,27.04,-880500000.00,5.85,4450000000.00,4158000000.00,3249000000.00,32350000000.00,4900.00,1.80,10029.00,5968000000.00,0.70,25.10,5.40,550000.00,16.60,2750000.00,71.22,1.10,   ,39000.00,6704932.00,41.70,283.00,1888000000.00,3.16,6.30
 Costa Rica ,51100.00,18.60,-980300000.00,4.33,5733000000.00,6614000000.00,6184000000.00,37970000000.00,9600.00,3.90,35303.00,7842000000.00,3.10,9.95,11.50,800000.00,19.20,1810000.00,76.84,0.40,   ,37000.00,4016173.00,58.00,950.00,1736000000.00,2.28,6.60
 Belarus ,207600.00,10.83,-1119000000.00,14.15,34300000000.00,30000000000.00,11470000000.00,70500000000.00,6800.00,6.40,79990.00,13570000000.00,4.00,13.37,17.40,1391900.00,21.80,4305000.00,68.72,1.40,18800000000.00,285000.00,10300483.00, ,5523.00,770200000.00,1.39,2.00
 Estonia ,45226.00,9.91,-1169000000.00,13.21,6358000000.00,8301000000.00,5701000000.00,19230000000.00,14300.00,6.00,55944.00,7318000000.00,5.00,7.87,3.00,444000.00,28.20,660000.00,71.77,2.00,1270000000.00,24000.00,1332893.00,5.40,958.00,1503000000.00,1.39,9.60
 Latvia ,64589.00,9.04,-1251000000.00,13.70,5829000000.00,4547000000.00,3569000000.00,26530000000.00,11500.00,7.60,60472.00,5970000000.00,8.50,9.55,6.00,936000.00,26.10,1170000.00,71.05,1.20,1700000000.00,44000.00,2290237.00,11.80,2303.00,1650000000.00,1.26,8.80
 Guatemala ,108890.00,34.11,-1381000000.00,6.81,5760000000.00,6608000000.00,2911000000.00,59470000000.00,4200.00,2.60,14118.00,7770000000.00,4.10,35.93,7.20,400000.00,14.90,3680000.00,65.14,0.80,   ,61000.00,14655189.00,32.00,886.00,3084000000.00,4.53,7.50
 Slovakia ,48845.00,10.62,-1400000000.00,9.43,28890000000.00,31150000000.00,29240000000.00,78890000000.00,14500.00,5.30,42970.00,29670000000.00,5.10,7.41,7.50,1375800.00,24.00,2200000.00,74.50,1.89,6800000000.00,82000.00,5431363.00,46.60,3661.00,14910000000.00,1.32,13.10
 Lithuania ,65200.00,8.62,-1600000000.00,10.92,10170000000.00,17930000000.00,8880000000.00,45230000000.00,12500.00,6.60,77148.00,11020000000.00,12.00,6.89,1.10,695700.00,21.90,1630000.00,73.97,1.90,2760000000.00,72000.00,3596617.00,25.20,1998.00,4610000000.00,1.19,8.00
 Colombia ,1138910.00,20.82,-1706000000.00,5.59,41140000000.00,44870000000.00,15500000000.00,281100000000.00,6600.00,3.60,112998.00,15340000000.00,4.00,20.97,5.90,2732200.00,15.80,20700000.00,71.72,3.40,5700000000.00,252000.00,42954279.00,51.80,3304.00,11940000000.00,2.56,13.60
 Croatia ,56542.00,9.57,-1925000000.00,11.38,15200000000.00,12510000000.00,7845000000.00,50330000000.00,11200.00,3.70,28344.00,16700000000.00,2.70,6.84,2.50,1014000.00,28.60,1710000.00,74.45,2.39,2840000000.00,89000.00,4495904.00,41.70,2726.00,8563000000.00,1.39,13.80
 Vietnam ,329560.00,17.07,-2061000000.00,6.20,32060000000.00,34480000000.00,23720000000.00,227200000000.00,2700.00,7.70,93300.00,26310000000.00,16.00,25.95,9.50,3500000.00,36.60,42980000.00,70.61,2.50,1300000000.00,185000.00,83535576.00,65.90,2600.00,6510000000.00,1.94,1.90
 Bosnia and Herzegovina ,51129.00,12.49,-2100000000.00,8.44,8318000000.00,10040000000.00,1700000000.00,26210000000.00,6500.00,5.00,21846.00,5200000000.00,5.50,21.05,1.10,100000.00, ,1026000.00,72.85,4.50,300000000.00,20000.00,4025476.00, ,1021.00,2000000000.00,1.71,44.00
 Lebanon ,10400.00,18.88,-2389000000.00,6.24,8591000000.00,8066000000.00,1783000000.00,18830000000.00,5000.00,4.00,7300.00,8162000000.00, ,24.52,2.00,400000.00,26.00,2600000.00,72.63,3.10,   ,107000.00,3826018.00,177.90,401.00,16300000000.00,1.92,18.00
 South Africa ,1219912.00,18.48,-2480000000.00,21.32,189400000000.00,202600000000.00,41970000000.00,491400000000.00,11100.00,3.50,275971.00,39420000000.00,5.50,61.81,4.50,3100000.00,16.70,16630000.00,43.27,1.50,1800000000.00,460000.00,44344136.00,45.90,22298.00,11680000000.00,2.24,26.20
 Ireland ,70280.00,14.47,-2881000000.00,7.85,21780000000.00,22880000000.00,103800000000.00,126400000000.00,31900.00,5.10,95736.00,60650000000.00,7.00,5.39,2.20,1260000.00,23.80,1920000.00,77.56,0.90,4199000000.00,174400.00,4015676.00,31.20,3312.00,4152000000.00,1.87,4.30
 Azerbaijan ,86600.00,20.40,-2899000000.00,9.86,17370000000.00,17550000000.00,3168000000.00,30010000000.00,3800.00,9.80,28030.00,3622000000.00,4.00,81.74,4.60,300000.00,65.10,5090000.00,63.35,2.60,6720000000.00,140000.00,7911974.00,18.90,2957.00,875000000.00,2.44,1.20
 Serbia and Montenegro ,102350.00,12.12,-3008000000.00,10.49,32330000000.00,31640000000.00,3245000000.00,26270000000.00,2400.00,6.50,45290.00,9538000000.00,1.70,12.89,8.80,847000.00,14.40,3200000.00,74.73, ,602000000.00,64000.00,10829175.00,80.00,4380.00,3550000000.00,1.67,30.00
 Austria ,83870.00,8.81,-3283000000.00,9.70,55090000000.00,58490000000.00,102700000000.00,255900000000.00,31300.00,1.90,200000.00,101200000000.00,3.30,4.66,1.80,3730000.00,22.60,3450000.00,78.92,0.90,7810000000.00,262400.00,8184691.00,64.20,6021.00,12730000000.00,1.36,4.40
 Romania ,237500.00,10.70,-3631000000.00,11.74,57500000000.00,56530000000.00,23540000000.00,171500000000.00,7700.00,8.10,198755.00,28430000000.00,4.00,26.43,9.60,4000000.00,23.30,9660000.00,71.35,2.47,18500000000.00,253800.00,22329977.00,23.60,11385.00,16210000000.00,1.36,6.30
 New Zealand ,268680.00,13.90,-3647000000.00,7.53,35710000000.00,38390000000.00,19850000000.00,92510000000.00,23200.00,4.80,92382.00,19770000000.00,5.90,5.85,2.40,2110000.00,22.40,2050000.00,78.66,1.00,6504000000.00,132700.00,4035461.00,22.10,3898.00,4805000000.00,1.79,4.20
 Poland ,312685.00,10.78,-3831000000.00,10.01,117400000000.00,133800000000.00,75980000000.00,463000000000.00,12000.00,5.60,364697.00,81610000000.00,10.00,8.51,3.40,8970000.00,18.40,17020000.00,74.41,1.71,13850000000.00,424100.00,38635144.00,49.90,23852.00,41880000000.00,1.39,19.50
 Mexico ,1972550.00,21.01,-4113000000.00,4.73,189700000000.00,203600000000.00,182400000000.00,1006000000000.00,9600.00,4.10,329532.00,190800000000.00,3.80,20.91,5.40,10033000.00,19.40,34730000.00,75.19,0.90,55100000000.00,1752000.00,106202903.00,23.50,19510.00,60670000000.00,2.45,3.20
 Czech Republic ,78866.00,9.07,-5730000000.00,10.54,55330000000.00,71750000000.00,66510000000.00,172200000000.00,16800.00,3.70,127204.00,68190000000.00,4.70,3.93,3.20,2700000.00,29.00,5250000.00,76.02,2.02,9892000000.00,175700.00,10241138.00,33.50,9520.00,32780000000.00,1.20,10.60
 Hungary ,93030.00,9.76,-7941000000.00,13.19,35990000000.00,34070000000.00,54620000000.00,149300000000.00,14900.00,3.90,159568.00,58680000000.00,9.60,8.57,7.00,1600000.00,22.80,4170000.00,72.40,1.75,13370000000.00,140700.00,10006835.00,58.30,7937.00,14800000000.00,1.32,5.90
 Greece ,131940.00,9.72,-8000000000.00,10.15,47420000000.00,47220000000.00,15500000000.00,226400000000.00,21300.00,3.70,117000.00,54280000000.00,4.10,5.53,2.90,1718400.00,27.00,4400000.00,79.09,4.30,2021000000.00,405700.00,10668354.00,112.00,2571.00,7300000000.00,1.33,10.00
 Portugal ,92391.00,10.82,-8120000000.00,10.43,42150000000.00,43280000000.00,37680000000.00,188700000000.00,17900.00,1.10,17135.00,52100000000.00,1.10,5.05,2.10,3600000.00,22.30,5480000.00,77.53,2.30,2542000000.00,339800.00,10566212.00,61.50,2850.00,12300000000.00,1.47,6.50
 Turkey ,780580.00,16.83,-15300000000.00,5.96,117900000000.00,139700000000.00,69460000000.00,508700000000.00,7400.00,8.20,354421.00,94500000000.00,16.50,41.04,9.30,5500000.00,17.30,25300000.00,72.36,5.30,15940000000.00,619500.00,69660559.00,74.30,8671.00,37100000000.00,1.94,9.30
 Italy ,301230.00,8.89,-21100000000.00,10.30,293900000000.00,261600000000.00,336400000000.00,1609000000000.00,27700.00,1.30,479688.00,329300000000.00,0.70,5.94,2.30,18500000.00,19.30,24270000.00,79.68,1.80,71180000000.00,1866000.00,58103033.00,105.60,19507.00,61500000000.00,1.28,8.60
 Spain ,504782.00,10.10,-30890000000.00,9.63,218400000000.00,229000000000.00,172500000000.00,937600000000.00,23300.00,2.60,664852.00,222000000000.00,3.00,4.42,3.20,9789000.00,25.40,19330000.00,79.52,1.20,17960000000.00,1497000.00,40341462.00,53.20,14268.00,19700000000.00,1.28,10.40
 United Kingdom ,244820.00,10.78,-33460000000.00,10.18,337400000000.00,395900000000.00,347200000000.00,1782000000000.00,29600.00,3.20,392931.00,439400000000.00,0.90,5.16,1.40,25000000.00,16.20,29780000.00,78.38,2.40,92850000000.00,1692000.00,60441457.00,39.60,17186.00,48730000000.00,1.66,4.80
 Australia ,7686850.00,12.26,-38300000000.00,7.44,195600000000.00,210300000000.00,86890000000.00,611700000000.00,30700.00,3.50,811603.00,98100000000.00,1.90,4.69,2.30,9472000.00,25.30,10350000.00,80.39,2.70,23330000000.00,796500.00,20090437.00,17.40,43802.00,35140000000.00,1.76,5.10
 United States ,9631418.00,14.14,-646500000000.00,8.25,3660000000000.00,3839000000000.00,795000000000.00,11750000000000.00,40100.00,4.40,6393603.00,1476000000000.00,4.40,6.50,2.50,159000000.00,15.70,147400000.00,77.71,3.30,640900000000.00,19650000.00,295734134.00,65.00,228464.00,85940000000.00,2.08,5.50
